Handle,Title,Body,Vendor,Type,Tags,Published,Option1 name,Option1 value,Option2 name,Option2 value,Option3 name,Option3 value,Variant sku,Variant grams,Variant inventory tracker,Variant inventory policy,Variant inventory quantity,Variant fullfilment service,Variant price,Variant compare at price,Variant requires shipping,Variant taxable,Variant barcode,Image src,Image alt text,Gift card
fantastic-bronze-lamp,Fantastic Bronze Lamp,Typewriter health shabby chic meh street hoodie 3 wolf moon pbr&b literally. Thank You And Goodnight. Shunned immemorial foetid iridescence spectral comprehension. Passing By And Thought I'd Drop In.,Heller LLC,Videos,"Outdoors,Beauty,Computers",TRUE,Color,jade,,,,,,680,,deny,24,manual,20.03,,TRUE,TRUE,,https://source.unsplash.com/random/?interior ,Ablation,FALSE
fantastic-bronze-lamp,,,,,,,Color,plum,,,,,fantastic-bronze-lamp-plum,749,,deny,45,manual,20.03,,TRUE,TRUE,,,,
fantastic-bronze-lamp,,,,,,,Color,cerulean,,,,,fantastic-bronze-lamp-cerulean,990,,deny,24,manual,20.03,,TRUE,TRUE,,,,
mediocre-leather-plate,Mediocre Leather Plate,Just The Washing Instruction Chip In Life's Rich Tapestry. Mustache kale chips echo keffiyeh tousled viral meditation vinegar post-ironic. Effulgence antiquarian foetid gambrel unmentionable abnormal noisome. Heavy Messing.,"Hammes, Reilly and Gutmann",Videos,"Shoes,Music,Jewelry",TRUE,Color,purple,,,,,,41,,deny,23,manual,5.45,,TRUE,TRUE,,https://source.unsplash.com/random/?cutlery ,Armchair Traveller,FALSE
mediocre-leather-plate,,,,,,,Color,white,,,,,mediocre-leather-plate-white,407,,deny,24,manual,5.45,,TRUE,TRUE,,,,
mediocre-leather-plate,,,,,,,Color,blush,,,,,mediocre-leather-plate-blush,399,,deny,17,manual,5.45,,TRUE,TRUE,,,,
intelligent-copper-bench,Intelligent Copper Bench,Goth cliche +1 before they sold out mlkshk farm-to-table waistcoat bicycle rights. Hideous shunned dank gibbering immemorial antediluvian unmentionable blasphemous. Fate Amenable To Change. A Fine Disregard For Awkward Facts.,"Kautzer, Gusikowski and Schowalter",Books,"Health,Clothing,Shoes",TRUE,Color,gold,,,,,,882,,deny,3,manual,44.31,,TRUE,TRUE,,https://source.unsplash.com/random/?houseplant ,Contents May Differ,FALSE
intelligent-copper-bench,,,,,,,Color,pink,,,,,intelligent-copper-bench-pink,385,,deny,13,manual,44.31,,TRUE,TRUE,,,,
intelligent-copper-bench,,,,,,,Color,yellow,,,,,intelligent-copper-bench-yellow,841,,deny,47,manual,44.31,,TRUE,TRUE,,,,
fantastic-steel-lamp,Fantastic Steel Lamp,You'll Clean That Up Before You Leave. Charitable View. Decadent unnamable mortal madness comprehension immemorial. Letterpress food truck distillery phlogiston brunch small batch 3 wolf moon.,"Koss, Jacobson and D'Amore",Videos,"Baby,Clothing,Industrial",TRUE,Color,carmine,,,,,,346,,deny,18,manual,87.6,,TRUE,TRUE,,https://source.unsplash.com/random/?cutlery ,Revisionist,FALSE
fantastic-steel-lamp,,,,,,,Color,teal,,,,,fantastic-steel-lamp-teal,978,,deny,9,manual,87.6,,TRUE,TRUE,,,,
fantastic-steel-lamp,,,,,,,Color,pink,,,,,fantastic-steel-lamp-pink,291,,deny,15,manual,87.6,,TRUE,TRUE,,,,
enormous-leather-gloves,Enormous Leather Gloves,Furtive accursed antiquarian antediluvian dank noisome unnamable daemoniac gambrel. Knausgaard mlkshk portland kombucha 3 wolf moon pork belly. Attitude Adjuster. Labtebricolephile.,Mann-Corwin,Videos,"Books,Automotive,Beauty",TRUE,Color,brown,,,,,,753,,deny,49,manual,40.11,,TRUE,TRUE,,https://source.unsplash.com/random/?cutlery ,Awkward Customer,FALSE
enormous-leather-gloves,,,,,,,Color,apricot,,,,,enormous-leather-gloves-apricot,263,,deny,27,manual,40.11,,TRUE,TRUE,,,,
enormous-leather-gloves,,,,,,,Color,maroon,,,,,enormous-leather-gloves-maroon,555,,deny,33,manual,40.11,,TRUE,TRUE,,,,
heavy-duty-cotton-clock,Heavy Duty Cotton Clock,Size Isn't Everything. Mortal iridescence foetid indescribable. Use Psychology. Letterpress green juice wes anderson hella gentrify brunch distillery.,Considine and Sons,Videos,"Grocery,Grocery,Sports",TRUE,Color,violet,,,,,,816,,deny,49,manual,90.75,,TRUE,TRUE,,https://source.unsplash.com/random/?houseplant ,Problem Child,FALSE
heavy-duty-cotton-clock,,,,,,,Color,ivory,,,,,heavy-duty-cotton-clock-ivory,712,,deny,6,manual,90.75,,TRUE,TRUE,,,,
heavy-duty-cotton-clock,,,,,,,Color,coffee,,,,,heavy-duty-cotton-clock-coffee,668,,deny,36,manual,90.75,,TRUE,TRUE,,,,
mediocre-concrete-pants,Mediocre Concrete Pants,"Bodhisattva , OAQS. Xoxo +1 messenger bag knausgaard. Fungus cat comprehension hideous. Beats Working.","Schmitt, Russel and Brown",Videos,"Tools,Health,Kids",TRUE,Color,cerise,,,,,,319,,deny,17,manual,89.74,,TRUE,TRUE,,https://source.unsplash.com/random/?cutlery ,Eschatologist,FALSE
mediocre-concrete-pants,,,,,,,Color,orchid,,,,,mediocre-concrete-pants-orchid,816,,deny,21,manual,89.74,,TRUE,TRUE,,,,
mediocre-concrete-pants,,,,,,,Color,lilac,,,,,mediocre-concrete-pants-lilac,643,,deny,44,manual,89.74,,TRUE,TRUE,,,,
aerodynamic-paper-gloves,Aerodynamic Paper Gloves,Mixtape biodiesel tousled cardigan ramps cred trust fund. Dank abnormal antiquarian ululate stench swarthy nameless unutterable. Pride Comes Before A Fall. Shoot Them Later.,Wehner-McLaughlin,Videos,"Books,Industrial,Toys",TRUE,Color,harlequin,,,,,,735,,deny,30,manual,40.21,,TRUE,TRUE,,https://source.unsplash.com/random/?cutlery ,Sweet and Full of Grace,FALSE
aerodynamic-paper-gloves,,,,,,,Color,raspberry,,,,,aerodynamic-paper-gloves-raspberry,883,,deny,27,manual,40.21,,TRUE,TRUE,,,,
aerodynamic-paper-gloves,,,,,,,Color,erin,,,,,aerodynamic-paper-gloves-erin,665,,deny,49,manual,40.21,,TRUE,TRUE,,,,
heavy-duty-concrete-lamp,Heavy Duty Concrete Lamp,Iridescence furtive comprehension gibbering fungus eldritch mortal. Now Look What You've Made Me Do. Offal shoreditch pour-over synth bushwick pork belly skateboard. Experiencing A Significant Gravitas Shortfall.,Zieme-Schultz,Videos,"Computers,Home,Games",TRUE,Color,brown,,,,,,811,,deny,39,manual,25.74,,TRUE,TRUE,,https://source.unsplash.com/random/?houseplant ,Peace Makes Plenty,FALSE
heavy-duty-concrete-lamp,,,,,,,Color,lilac,,,,,heavy-duty-concrete-lamp-lilac,674,,deny,11,manual,25.74,,TRUE,TRUE,,,,
heavy-duty-concrete-lamp,,,,,,,Color,carmine,,,,,heavy-duty-concrete-lamp-carmine,426,,deny,11,manual,25.74,,TRUE,TRUE,,,,
small-linen-pants,Small Linen Pants,Gibbering antediluvian unmentionable accursed charnel amorphous shunned spectral tentacles. Displacement Activity. Bad For Business. Listicle whatever polaroid loko.,"Ledner, Ledner and Bauch",Videos,"Grocery,Jewelry,Industrial",TRUE,Color,turquoise,,,,,,32,,deny,29,manual,57.21,,TRUE,TRUE,,https://source.unsplash.com/random/?interior ,Ultimate Ship The Second,FALSE
small-linen-pants,,,,,,,Color,bronze,,,,,small-linen-pants-bronze,262,,deny,46,manual,57.21,,TRUE,TRUE,,,,
small-linen-pants,,,,,,,Color,ruby,,,,,small-linen-pants-ruby,349,,deny,43,manual,57.21,,TRUE,TRUE,,,,
aerodynamic-marble-gloves,Aerodynamic Marble Gloves,Injury Time. Halation Effect. Williamsburg health aesthetic put a bird on it. Mortal antediluvian squamous comprehension effulgence non-euclidean cyclopean.,"Stehr, Simonis and Bradtke",Videos,"Industrial,Tools,Kids",TRUE,Color,byzantium,,,,,,834,,deny,30,manual,81.59,,TRUE,TRUE,,https://source.unsplash.com/random/?houseplant ,Steely Glint,FALSE
aerodynamic-marble-gloves,,,,,,,Color,cyan,,,,,aerodynamic-marble-gloves-cyan,451,,deny,4,manual,81.59,,TRUE,TRUE,,,,
aerodynamic-marble-gloves,,,,,,,Color,aquamarine,,,,,aerodynamic-marble-gloves-aquamarine,260,,deny,26,manual,81.59,,TRUE,TRUE,,,,
mediocre-iron-shoes,Mediocre Iron Shoes,Different Tan. Madness unutterable fungus iridescence unnamable mortal loathsome. Literally stumptown meh pop-up williamsburg. Hand Me The Gun And Ask Me Again.,"Jakubowski, Breitenberg and Schinner",Books,"Outdoors,Kids,Clothing",TRUE,Color,viridian,,,,,,362,,deny,10,manual,41.38,,TRUE,TRUE,,https://source.unsplash.com/random/?cutlery ,What Are The Civilian Applications?,FALSE
mediocre-iron-shoes,,,,,,,Color,lemon,,,,,mediocre-iron-shoes-lemon,259,,deny,9,manual,41.38,,TRUE,TRUE,,,,
mediocre-iron-shoes,,,,,,,Color,aquamarine,,,,,mediocre-iron-shoes-aquamarine,110,,deny,23,manual,41.38,,TRUE,TRUE,,,,
practical-silk-keyboard,Practical Silk Keyboard,Well I Was In The Neighbourhood. Tenebrous fainted loathsome stygian. Lasting Damage. Artisan banjo iphone 3 wolf moon salvia.,Wisoky-Cormier,Videos,"Outdoors,Home,Kids",TRUE,Color,apricot,,,,,,521,,deny,11,manual,3.88,,TRUE,TRUE,,https://source.unsplash.com/random/?cutlery ,Zero Credibility,FALSE
practical-silk-keyboard,,,,,,,Color,emerald,,,,,practical-silk-keyboard-emerald,126,,deny,42,manual,3.88,,TRUE,TRUE,,,,
practical-silk-keyboard,,,,,,,Color,puce,,,,,practical-silk-keyboard-puce,927,,deny,28,manual,3.88,,TRUE,TRUE,,,,
durable-plastic-shirt,Durable Plastic Shirt,Street meggings stumptown taxidermy. Reasonable Excuse. Amorphous stench unutterable cat eldritch noisome hideous. Liveware Problem.,Wunsch-Koelpin,Videos,"Kids,Kids,Industrial",TRUE,Color,burgundy,,,,,,911,,deny,24,manual,45.86,,TRUE,TRUE,,https://source.unsplash.com/random/?houseplant ,"I Said, I've Got A Big Stick",FALSE
durable-plastic-shirt,,,,,,,Color,chocolate,,,,,durable-plastic-shirt-chocolate,401,,deny,9,manual,45.86,,TRUE,TRUE,,,,
durable-plastic-shirt,,,,,,,Color,grey,,,,,durable-plastic-shirt-grey,908,,deny,48,manual,45.86,,TRUE,TRUE,,,,
lightweight-wooden-knife,Lightweight Wooden Knife,Yolo blog mixtape shoreditch sriracha 3 wolf moon keffiyeh distillery. Just Read The Instructions. Gibbering hideous singular noisome. I Blame Your Mother.,Christiansen-Watsica,Videos,"Home,Movies,Movies",TRUE,Color,salmon,,,,,,718,,deny,2,manual,64.94,,TRUE,TRUE,,https://source.unsplash.com/random/?cutlery ,Questionable Ethics,FALSE
lightweight-wooden-knife,,,,,,,Color,champagne,,,,,lightweight-wooden-knife-champagne,373,,deny,21,manual,64.94,,TRUE,TRUE,,,,
lightweight-wooden-knife,,,,,,,Color,chocolate,,,,,lightweight-wooden-knife-chocolate,539,,deny,7,manual,64.94,,TRUE,TRUE,,,,
heavy-duty-marble-clock,Heavy Duty Marble Clock,Just Passing Through. Chillwave viral locavore heirloom paleo cornhole. Limiting Factor. Immemorial comprehension gibbering stench iridescence cat fainted shunned lurk.,Hilll-Hodkiewicz,Books,"Kids,Electronics,Home",TRUE,Color,ivory,,,,,,405,,deny,45,manual,16.09,,TRUE,TRUE,,https://source.unsplash.com/random/?houseplant ,Attitude Adjuster,FALSE
heavy-duty-marble-clock,,,,,,,Color,burgundy,,,,,heavy-duty-marble-clock-burgundy,959,,deny,11,manual,16.09,,TRUE,TRUE,,,,
heavy-duty-marble-clock,,,,,,,Color,copper,,,,,heavy-duty-marble-clock-copper,941,,deny,8,manual,16.09,,TRUE,TRUE,,,,
durable-steel-computer,Durable Steel Computer,Next level intelligentsia muggle magic cronut pickled cray mlkshk. Another Fine Product From The Nonsense Factory. Excuses And Accusations. Immemorial foetid non-euclidean noisome dank fainted decadent cyclopean.,Adams-Koelpin,Books,"Grocery,Toys,Movies",TRUE,Color,cyan,,,,,,406,,deny,41,manual,65.22,,TRUE,TRUE,,https://source.unsplash.com/random/?cutlery ,Screw Loose,FALSE
durable-steel-computer,,,,,,,Color,violet,,,,,durable-steel-computer-violet,507,,deny,38,manual,65.22,,TRUE,TRUE,,,,
durable-steel-computer,,,,,,,Color,fuchsia,,,,,durable-steel-computer-fuchsia,561,,deny,26,manual,65.22,,TRUE,TRUE,,,,
awesome-cotton-knife,Awesome Cotton Knife,MBU 604. Viral marfa slow-carb pork belly +1 polaroid drinking kitsch. You Call This Clean?. Gibbous effulgence unutterable antediluvian cyclopean comprehension.,Kiehn and Sons,Videos,"Toys,Health,Electronics",TRUE,Color,gray,,,,,,472,,deny,16,manual,67.47,,TRUE,TRUE,,https://source.unsplash.com/random/?interior ,Jaundiced Outlook,FALSE
awesome-cotton-knife,,,,,,,Color,puce,,,,,awesome-cotton-knife-puce,133,,deny,11,manual,67.47,,TRUE,TRUE,,,,
awesome-cotton-knife,,,,,,,Color,beige,,,,,awesome-cotton-knife-beige,123,,deny,10,manual,67.47,,TRUE,TRUE,,,,
synergistic-cotton-shoes,Synergistic Cotton Shoes,"Stench daemoniac immemorial comprehension noisome nameless. Venmo flannel loko five dollar toast umami poutine. All The Same, I Saw It First. Displacement Activity.",Bahringer-Sawayn,Books,"Clothing,Movies,Toys",TRUE,Color,pink,,,,,,126,,deny,42,manual,26.01,,TRUE,TRUE,,https://source.unsplash.com/random/?product ,Germane Riposte,FALSE
synergistic-cotton-shoes,,,,,,,Color,yellow,,,,,synergistic-cotton-shoes-yellow,548,,deny,49,manual,26.01,,TRUE,TRUE,,,,
synergistic-cotton-shoes,,,,,,,Color,lime,,,,,synergistic-cotton-shoes-lime,841,,deny,15,manual,26.01,,TRUE,TRUE,,,,
heavy-duty-paper-gloves,Heavy Duty Paper Gloves,Eldritch cyclopean effulgence ululate stench comprehension tentacles accursed. Ethical cred pork belly readymade art party pabst. Death And Gravity. In One Ear.,"Herzog, Pfannerstill and Flatley",Books,"Industrial,Baby,Shoes",TRUE,Color,taupe,,,,,,387,,deny,27,manual,29.54,,TRUE,TRUE,,https://source.unsplash.com/random/?product ,Demented But Determined,FALSE
heavy-duty-paper-gloves,,,,,,,Color,chocolate,,,,,heavy-duty-paper-gloves-chocolate,753,,deny,25,manual,29.54,,TRUE,TRUE,,,,
heavy-duty-paper-gloves,,,,,,,Color,grey,,,,,heavy-duty-paper-gloves-grey,317,,deny,9,manual,29.54,,TRUE,TRUE,,,,
fantastic-linen-pants,Fantastic Linen Pants,Goth pickled franzen before they sold out polaroid banh mi bushwick portland. Non-euclidean stygian tentacles iridescence unutterable spectral gibbering eldritch shunned. Reasonable Excuse. Tactical Grace.,Schmitt-Rath,Books,"Computers,Games,Health",TRUE,Color,cerise,,,,,,518,,deny,49,manual,69.68,,TRUE,TRUE,,https://source.unsplash.com/random/?cutlery ,Determinist,FALSE
fantastic-linen-pants,,,,,,,Color,lemon,,,,,fantastic-linen-pants-lemon,209,,deny,48,manual,69.68,,TRUE,TRUE,,,,
fantastic-linen-pants,,,,,,,Color,orchid,,,,,fantastic-linen-pants-orchid,104,,deny,18,manual,69.68,,TRUE,TRUE,,,,
awesome-bronze-clock,Awesome Bronze Clock,Unutterable cat antiquarian amorphous cyclopean ululate madness unmentionable. Sacrificial Victim. I Blame The Parents. Seitan flannel church-key venmo mustache helvetica viral lomo.,Koepp Inc,Books,"Books,Home,Music",TRUE,Color,harlequin,,,,,,831,,deny,49,manual,30.42,,TRUE,TRUE,,https://source.unsplash.com/random/?houseplant ,Kiss This Then,FALSE
awesome-bronze-clock,,,,,,,Color,magenta,,,,,awesome-bronze-clock-magenta,130,,deny,29,manual,30.42,,TRUE,TRUE,,,,
awesome-bronze-clock,,,,,,,Color,puce,,,,,awesome-bronze-clock-puce,623,,deny,12,manual,30.42,,TRUE,TRUE,,,,
fantastic-cotton-chair,Fantastic Cotton Chair,The Precise Nature Of The Catastrophe. Tenebrous decadent iridescence mortal manuscript squamous spectral nameless. Boo!. Wolf banjo beard crucifix taxidermy letterpress bitters normcore park.,Dicki-Rice,Videos,"Clothing,Garden,Music",TRUE,Color,amber,,,,,,105,,deny,15,manual,21.74,,TRUE,TRUE,,https://source.unsplash.com/random/?houseplant ,Subtle Shift In Emphasis,FALSE
fantastic-cotton-chair,,,,,,,Color,blush,,,,,fantastic-cotton-chair-blush,279,,deny,47,manual,21.74,,TRUE,TRUE,,,,
fantastic-cotton-chair,,,,,,,Color,plum,,,,,fantastic-cotton-chair-plum,633,,deny,18,manual,21.74,,TRUE,TRUE,,,,
ergonomic-granite-coat,Ergonomic Granite Coat,Profit Margin. Antiquarian unutterable iridescence effulgence. Eight Rounds Rapid. Fingerstache cardigan cronut hoodie hammock cliche fashion axe actually.,Quitzon-Funk,Books,"Garden,Outdoors,Grocery",TRUE,Color,coral,,,,,,891,,deny,7,manual,35.04,,TRUE,TRUE,,https://source.unsplash.com/random/?houseplant ,Revisionist,FALSE
ergonomic-granite-coat,,,,,,,Color,erin,,,,,ergonomic-granite-coat-erin,203,,deny,14,manual,35.04,,TRUE,TRUE,,,,
ergonomic-granite-coat,,,,,,,Color,raspberry,,,,,ergonomic-granite-coat-raspberry,213,,deny,42,manual,35.04,,TRUE,TRUE,,,,
synergistic-iron-bench,Synergistic Iron Bench,Eldritch shunned cyclopean unutterable furtive immemorial loathsome daemoniac iridescence. Another Fine Product From The Nonsense Factory. Vulgarian. Hammock bicycle rights flannel try-hard kickstarter.,"DuBuque, Schroeder and Carroll",PDFs,"Movies,Garden,Health",TRUE,Color,maroon,,,,,,355,,deny,5,manual,46.04,,TRUE,TRUE,,https://source.unsplash.com/random/?cutlery ,Well I Was In The Neighbourhood,FALSE
synergistic-iron-bench,,,,,,,Color,pink,,,,,synergistic-iron-bench-pink,684,,deny,46,manual,46.04,,TRUE,TRUE,,,,
synergistic-iron-bench,,,,,,,Color,burgundy,,,,,synergistic-iron-bench-burgundy,184,,deny,29,manual,46.04,,TRUE,TRUE,,,,
durable-concrete-shoes,Durable Concrete Shoes,Williamsburg paleo street freegan fixie. Immemorial foetid stench lurk. We Haven't Met But You're A Great Fan Of Mine. Pure Big Mad Boat Man.,"Miller, Beatty and Miller",Books,"Health,Games,Games",TRUE,Color,salmon,,,,,,624,,deny,19,manual,62.66,,TRUE,TRUE,,https://source.unsplash.com/random/?cutlery ,Bad For Business,FALSE
durable-concrete-shoes,,,,,,,Color,lilac,,,,,durable-concrete-shoes-lilac,422,,deny,42,manual,62.66,,TRUE,TRUE,,,,
durable-concrete-shoes,,,,,,,Color,cerulean,,,,,durable-concrete-shoes-cerulean,710,,deny,14,manual,62.66,,TRUE,TRUE,,,,
gorgeous-plastic-shoes,Gorgeous Plastic Shoes,Beastly To The Animals. Chambray plaid cliche neutra sartorial thundercats offal. Displacement Activity. Indescribable lurk antiquarian foetid cat.,Kreiger-Smitham,Books,"Garden,Industrial,Automotive",TRUE,Color,amaranth,,,,,,908,,deny,21,manual,65.2,,TRUE,TRUE,,https://source.unsplash.com/random/?cutlery ,Headcrash,FALSE
gorgeous-plastic-shoes,,,,,,,Color,lilac,,,,,gorgeous-plastic-shoes-lilac,40,,deny,39,manual,65.2,,TRUE,TRUE,,,,
gorgeous-plastic-shoes,,,,,,,Color,indigo,,,,,gorgeous-plastic-shoes-indigo,883,,deny,45,manual,65.2,,TRUE,TRUE,,,,
durable-marble-wallet,Durable Marble Wallet,"All The Same, I Saw It First. Awkward Customer. Charnel shunned fainted gambrel singular tentacles dank stygian. Disrupt twee bespoke goth.","Mayert, Roob and Lueilwitz",PDFs,"Books,Kids,Books",TRUE,Color,cyan,,,,,,820,,deny,47,manual,71.3,,TRUE,TRUE,,https://source.unsplash.com/random/?houseplant ,Misophist,FALSE
durable-marble-wallet,,,,,,,Color,aquamarine,,,,,durable-marble-wallet-aquamarine,740,,deny,17,manual,71.3,,TRUE,TRUE,,,,
durable-marble-wallet,,,,,,,Color,chocolate,,,,,durable-marble-wallet-chocolate,368,,deny,22,manual,71.3,,TRUE,TRUE,,,,
synergistic-wooden-knife,Synergistic Wooden Knife,Literally venmo cronut fashion axe paleo. Eldritch daemoniac fainted nameless gambrel effulgence amorphous. Subtle Shift In Emphasis. Nuisance Value.,Oberbrunner-Hauck,Books,"Toys,Outdoors,Industrial",TRUE,Color,rose,,,,,,20,,deny,21,manual,53.01,,TRUE,TRUE,,https://source.unsplash.com/random/?cutlery ,Happy Idiot Talk,FALSE
synergistic-wooden-knife,,,,,,,Color,burgundy,,,,,synergistic-wooden-knife-burgundy,326,,deny,28,manual,53.01,,TRUE,TRUE,,,,
synergistic-wooden-knife,,,,,,,Color,harlequin,,,,,synergistic-wooden-knife-harlequin,985,,deny,50,manual,53.01,,TRUE,TRUE,,,,
rustic-plastic-bottle,Rustic Plastic Bottle,Gibbering decadent antiquarian unutterable foetid. Poutine kogi migas taxidermy meh goth. Trade Surplus. What Are The Civilian Applications?.,Schuppe-Fahey,PDFs,"Industrial,Electronics,Kids",TRUE,Color,blue,,,,,,590,,deny,18,manual,58.51,,TRUE,TRUE,,https://source.unsplash.com/random/?houseplant ,Meatfucker,FALSE
rustic-plastic-bottle,,,,,,,Color,bronze,,,,,rustic-plastic-bottle-bronze,50,,deny,18,manual,58.51,,TRUE,TRUE,,,,
rustic-plastic-bottle,,,,,,,Color,orange,,,,,rustic-plastic-bottle-orange,459,,deny,35,manual,58.51,,TRUE,TRUE,,,,
sleek-bronze-table,Sleek Bronze Table,Big Sexy Beast. Just Passing Through. Cred everyday tilde poutine tote bag vinegar vhs portland. Gibbering cyclopean eldritch daemoniac charnel lurk.,Tillman Group,Books,"Music,Kids,Electronics",TRUE,Color,cerise,,,,,,876,,deny,45,manual,94.66,,TRUE,TRUE,,https://source.unsplash.com/random/?interior ,"Bodhisattva , OAQS",FALSE
sleek-bronze-table,,,,,,,Color,ivory,,,,,sleek-bronze-table-ivory,627,,deny,2,manual,94.66,,TRUE,TRUE,,,,
sleek-bronze-table,,,,,,,Color,turquoise,,,,,sleek-bronze-table-turquoise,682,,deny,44,manual,94.66,,TRUE,TRUE,,,,
practical-wool-shirt,Practical Wool Shirt,"Eschatologist. Indescribable mortal antiquarian non-euclidean. Anticipation Of A New Lover's Arrival, The. Art party forage kombucha quinoa poutine bitters wayfarers slow-carb crucifix.",Dickinson-Fay,PDFs,"Clothing,Home,Jewelry",TRUE,Color,amethyst,,,,,,317,,deny,48,manual,61.42,,TRUE,TRUE,,https://source.unsplash.com/random/?product ,Zoologist,FALSE
practical-wool-shirt,,,,,,,Color,purple,,,,,practical-wool-shirt-purple,656,,deny,6,manual,61.42,,TRUE,TRUE,,,,
practical-wool-shirt,,,,,,,Color,apricot,,,,,practical-wool-shirt-apricot,477,,deny,13,manual,61.42,,TRUE,TRUE,,,,
enormous-rubber-gloves,Enormous Rubber Gloves,Now We Try It My Way. Just Passing Through. 90's church-key bespoke banh mi sriracha flexitarian tote bag messenger bag. Antediluvian madness cat squamous gambrel ululate.,Goldner-Turner,Books,"Games,Garden,Garden",TRUE,Color,purple,,,,,,783,,deny,16,manual,46.22,,TRUE,TRUE,,https://source.unsplash.com/random/?cutlery ,Beastly To The Animals,FALSE
enormous-rubber-gloves,,,,,,,Color,rose,,,,,enormous-rubber-gloves-rose,701,,deny,5,manual,46.22,,TRUE,TRUE,,,,
enormous-rubber-gloves,,,,,,,Color,violet,,,,,enormous-rubber-gloves-violet,353,,deny,45,manual,46.22,,TRUE,TRUE,,,,
small-iron-bottle,Small Iron Bottle,"Cyclopean tenebrous amorphous foetid. Sense Amid Madness, Wit Amidst Folly. Not Invented Here. Bushwick gentrify muggle magic raw denim bitters humblebrag fingerstache.",Rolfson-Okuneva,Videos,"Home,Clothing,Electronics",TRUE,Color,carmine,,,,,,705,,deny,50,manual,63.89,,TRUE,TRUE,,https://source.unsplash.com/random/?interior ,Transient Atmospheric Phenomenon,FALSE
small-iron-bottle,,,,,,,Color,scarlet,,,,,small-iron-bottle-scarlet,841,,deny,10,manual,63.89,,TRUE,TRUE,,,,
small-iron-bottle,,,,,,,Color,crimson,,,,,small-iron-bottle-crimson,988,,deny,39,manual,63.89,,TRUE,TRUE,,,,
ergonomic-silk-shoes,Ergonomic Silk Shoes,Amorphous tentacles stygian singular gibbous indescribable. Shoot Them Later. Minority Report. Marfa fashion axe ennui shabby chic.,Leuschke-Zieme,PDFs,"Electronics,Shoes,Health",TRUE,Color,jade,,,,,,157,,deny,38,manual,51.06,,TRUE,TRUE,,https://source.unsplash.com/random/?cutlery ,Zero Credibility,FALSE
ergonomic-silk-shoes,,,,,,,Color,olive,,,,,ergonomic-silk-shoes-olive,541,,deny,37,manual,51.06,,TRUE,TRUE,,,,
ergonomic-silk-shoes,,,,,,,Color,pear,,,,,ergonomic-silk-shoes-pear,508,,deny,11,manual,51.06,,TRUE,TRUE,,,,
durable-marble-lamp,Durable Marble Lamp,Helpless In The Face Of Your Beauty. Furtive hideous stench antediluvian eldritch stygian amorphous fainted swarthy. Hammock mixtape pabst wolf truffaut. Uninvited Guest.,Jacobs Group,Videos,"Health,Health,Games",TRUE,Color,byzantium,,,,,,859,,deny,16,manual,92.76,,TRUE,TRUE,,https://source.unsplash.com/random/?houseplant ,So Much For Subtlety,FALSE
durable-marble-lamp,,,,,,,Color,taupe,,,,,durable-marble-lamp-taupe,90,,deny,18,manual,92.76,,TRUE,TRUE,,,,
durable-marble-lamp,,,,,,,Color,raspberry,,,,,durable-marble-lamp-raspberry,265,,deny,41,manual,92.76,,TRUE,TRUE,,,,
small-concrete-plate,Small Concrete Plate,Mortal gambrel antiquarian manuscript tenebrous spectral dank. Now We Try It My Way. Irony narwhal ramps fixie brunch leggings cred direct trade sustainable. Outstanding Contribution To The Historical Process.,Mohr-Upton,PDFs,"Health,Music,Home",TRUE,Color,salmon,,,,,,966,,deny,18,manual,26.55,,TRUE,TRUE,,https://source.unsplash.com/random/?interior ,Reformed Nice Guy,FALSE
small-concrete-plate,,,,,,,Color,viridian,,,,,small-concrete-plate-viridian,990,,deny,14,manual,26.55,,TRUE,TRUE,,,,
small-concrete-plate,,,,,,,Color,byzantium,,,,,small-concrete-plate-byzantium,393,,deny,14,manual,26.55,,TRUE,TRUE,,,,
practical-silk-bag,Practical Silk Bag,"Anticipation Of A New Lover's Arrival, The. I Blame The Parents. Biodiesel tousled bitters wayfarers. Stygian charnel immemorial fainted.",Harber and Sons,PDFs,"Beauty,Computers,Tools",TRUE,Color,beige,,,,,,23,,deny,21,manual,5.2,,TRUE,TRUE,,https://source.unsplash.com/random/?product ,Headcrash,FALSE
practical-silk-bag,,,,,,,Color,blush,,,,,practical-silk-bag-blush,200,,deny,22,manual,5.2,,TRUE,TRUE,,,,
practical-silk-bag,,,,,,,Color,viridian,,,,,practical-silk-bag-viridian,448,,deny,3,manual,5.2,,TRUE,TRUE,,,,
enormous-wooden-car,Enormous Wooden Car,Undesirable Alien. Twee cronut ethical shoreditch shabby chic hella cred. A Ship With A View. Spectral foetid manuscript antediluvian tenebrous unutterable cyclopean swarthy stench.,Kilback and Sons,Books,"Beauty,Shoes,Beauty",TRUE,Color,white,,,,,,497,,deny,2,manual,65.6,,TRUE,TRUE,,https://source.unsplash.com/random/?houseplant ,Qualifier,FALSE
enormous-wooden-car,,,,,,,Color,green,,,,,enormous-wooden-car-green,26,,deny,8,manual,65.6,,TRUE,TRUE,,,,
enormous-wooden-car,,,,,,,Color,pear,,,,,enormous-wooden-car-pear,67,,deny,3,manual,65.6,,TRUE,TRUE,,,,
intelligent-wooden-watch,Intelligent Wooden Watch,Unnamable charnel stench antediluvian cat iridescence comprehension. Deep v cronut vinyl next level. Germane Riposte. Nervous Energy.,Hickle-Block,Videos,"Tools,Movies,Baby",TRUE,Color,amaranth,,,,,,878,,deny,15,manual,41.47,,TRUE,TRUE,,https://source.unsplash.com/random/?product ,Nervous Energy,FALSE
intelligent-wooden-watch,,,,,,,Color,ochre,,,,,intelligent-wooden-watch-ochre,592,,deny,26,manual,41.47,,TRUE,TRUE,,,,
intelligent-wooden-watch,,,,,,,Color,coral,,,,,intelligent-wooden-watch-coral,609,,deny,30,manual,41.47,,TRUE,TRUE,,,,
enormous-wool-bag,Enormous Wool Bag,Break Even. Actually sustainable post-ironic semiotics vhs master migas. Seed Drill. Gibbering dank non-euclidean spectral antiquarian cat.,"Sawayn, Hansen and Feeney",Videos,"Automotive,Toys,Baby",TRUE,Color,lime,,,,,,936,,deny,12,manual,62.83,,TRUE,TRUE,,https://source.unsplash.com/random/?houseplant ,Dramatic Exit,FALSE
enormous-wool-bag,,,,,,,Color,violet,,,,,enormous-wool-bag-violet,620,,deny,19,manual,62.83,,TRUE,TRUE,,,,
enormous-wool-bag,,,,,,,Color,beige,,,,,enormous-wool-bag-beige,877,,deny,18,manual,62.83,,TRUE,TRUE,,,,
durable-wooden-gloves,Durable Wooden Gloves,Put a bird on it mixtape drinking hammock austin banh mi loko retro. Value Judgement. Frank Exchange Of Views. Comprehension singular lurk immemorial dank manuscript cyclopean antiquarian amorphous.,Huels-Bergnaum,PDFs,"Games,Beauty,Garden",TRUE,Color,magenta,,,,,,390,,deny,15,manual,13.95,,TRUE,TRUE,,https://source.unsplash.com/random/?houseplant ,Excuses And Accusations,FALSE
durable-wooden-gloves,,,,,,,Color,taupe,,,,,durable-wooden-gloves-taupe,175,,deny,28,manual,13.95,,TRUE,TRUE,,,,
durable-wooden-gloves,,,,,,,Color,champagne,,,,,durable-wooden-gloves-champagne,948,,deny,18,manual,13.95,,TRUE,TRUE,,,,
rustic-concrete-wallet,Rustic Concrete Wallet,T3OU 118. Neutra kickstarter gentrify keytar you probably haven't heard of them goth thundercats distillery vegan. Fixed Grin. Gibbering hideous loathsome tenebrous unnamable effulgence ululate singular.,Wintheiser-D'Amore,Videos,"Computers,Movies,Tools",TRUE,Color,green,,,,,,139,,deny,3,manual,83.31,,TRUE,TRUE,,https://source.unsplash.com/random/?product ,Peace Makes Plenty,FALSE
rustic-concrete-wallet,,,,,,,Color,apricot,,,,,rustic-concrete-wallet-apricot,186,,deny,16,manual,83.31,,TRUE,TRUE,,,,
rustic-concrete-wallet,,,,,,,Color,raspberry,,,,,rustic-concrete-wallet-raspberry,176,,deny,41,manual,83.31,,TRUE,TRUE,,,,
synergistic-paper-hat,Synergistic Paper Hat,Problem Child. Profit Margin. Tofu bicycle rights swag quinoa. Unnamable indescribable gambrel dank foetid.,Rice-MacGyver,PDFs,"Kids,Tools,Garden",TRUE,Color,black,,,,,,360,,deny,43,manual,81.86,,TRUE,TRUE,,https://source.unsplash.com/random/?product ,You'll Thank Me Later,FALSE
synergistic-paper-hat,,,,,,,Color,sapphire,,,,,synergistic-paper-hat-sapphire,588,,deny,43,manual,81.86,,TRUE,TRUE,,,,
synergistic-paper-hat,,,,,,,Color,peach,,,,,synergistic-paper-hat-peach,30,,deny,11,manual,81.86,,TRUE,TRUE,,,,
fantastic-cotton-lamp,Fantastic Cotton Lamp,Fanny pack yuccie gentrify ennui ugh squid fixie chartreuse vhs. Zealot. Mortal iridescence loathsome gambrel. Cargo Cult.,Olson-Bailey,Books,"Computers,Tools,Beauty",TRUE,Color,black,,,,,,989,,deny,25,manual,80.01,,TRUE,TRUE,,https://source.unsplash.com/random/?houseplant ,Never Talk To Strangers,FALSE
fantastic-cotton-lamp,,,,,,,Color,orchid,,,,,fantastic-cotton-lamp-orchid,759,,deny,14,manual,80.01,,TRUE,TRUE,,,,
fantastic-cotton-lamp,,,,,,,Color,amber,,,,,fantastic-cotton-lamp-amber,595,,deny,42,manual,80.01,,TRUE,TRUE,,,,
enormous-copper-lamp,Enormous Copper Lamp,Unreliable Witness. Street cleanse cold-pressed blog kogi tumblr. Mortal furtive ululate dank. Long View.,"Gottlieb, Kris and Pagac",PDFs,"Electronics,Music,Computers",TRUE,Color,grey,,,,,,256,,deny,14,manual,68.55,,TRUE,TRUE,,https://source.unsplash.com/random/?interior ,Meatfucker,FALSE
enormous-copper-lamp,,,,,,,Color,sky,,,,,enormous-copper-lamp-sky,886,,deny,29,manual,68.55,,TRUE,TRUE,,,,
enormous-copper-lamp,,,,,,,Color,lime,,,,,enormous-copper-lamp-lime,509,,deny,30,manual,68.55,,TRUE,TRUE,,,,
enormous-leather-shoes,Enormous Leather Shoes,Hylozoist. Charnel unutterable unnamable madness unmentionable gibbering mortal. Just Passing Through. Vegan wolf microdosing biodiesel neutra meggings blue bottle.,Ortiz-Strosin,Videos,"Books,Games,Garden",TRUE,Color,purple,,,,,,444,,deny,22,manual,67.18,,TRUE,TRUE,,https://source.unsplash.com/random/?houseplant ,Eight Rounds Rapid,FALSE
enormous-leather-shoes,,,,,,,Color,copper,,,,,enormous-leather-shoes-copper,835,,deny,35,manual,67.18,,TRUE,TRUE,,,,
enormous-leather-shoes,,,,,,,Color,scarlet,,,,,enormous-leather-shoes-scarlet,604,,deny,18,manual,67.18,,TRUE,TRUE,,,,
lightweight-copper-keyboard,Lightweight Copper Keyboard,Advanced Case Of Chronic Patheticism. Tilde lumbersexual forage photo booth roof single-origin coffee. A Momentary Lapse Of Sanity. Fungus squamous unmentionable lurk.,Emmerich-Boehm,Videos,"Books,Computers,Jewelry",TRUE,Color,lemon,,,,,,100,,deny,19,manual,99.5,,TRUE,TRUE,,https://source.unsplash.com/random/?houseplant ,Sanctioned Parts List,FALSE
lightweight-copper-keyboard,,,,,,,Color,black,,,,,lightweight-copper-keyboard-black,217,,deny,23,manual,99.5,,TRUE,TRUE,,,,
lightweight-copper-keyboard,,,,,,,Color,plum,,,,,lightweight-copper-keyboard-plum,411,,deny,30,manual,99.5,,TRUE,TRUE,,,,
small-aluminum-plate,Small Aluminum Plate,Demented But Determined. A Fine Disregard For Awkward Facts. Keffiyeh squid authentic brooklyn. Lurk fungus noisome nameless manuscript.,"Koelpin, Medhurst and Langworth",Books,"Sports,Games,Automotive",TRUE,Color,cerise,,,,,,979,,deny,10,manual,20.96,,TRUE,TRUE,,https://source.unsplash.com/random/?interior ,Injury Time,FALSE
small-aluminum-plate,,,,,,,Color,viridian,,,,,small-aluminum-plate-viridian,876,,deny,48,manual,20.96,,TRUE,TRUE,,,,
small-aluminum-plate,,,,,,,Color,beige,,,,,small-aluminum-plate-beige,225,,deny,16,manual,20.96,,TRUE,TRUE,,,,
rustic-leather-bottle,Rustic Leather Bottle,Hella vice sustainable godard roof pinterest wolf intelligentsia. Accursed unutterable daemoniac foetid spectral. Arrested Development. Misophist.,McGlynn Inc,Books,"Sports,Health,Garden",TRUE,Color,periwinkle,,,,,,868,,deny,5,manual,68.8,,TRUE,TRUE,,https://source.unsplash.com/random/?interior ,Unacceptable Behaviour,FALSE
rustic-leather-bottle,,,,,,,Color,byzantium,,,,,rustic-leather-bottle-byzantium,341,,deny,30,manual,68.8,,TRUE,TRUE,,,,
rustic-leather-bottle,,,,,,,Color,gold,,,,,rustic-leather-bottle-gold,861,,deny,40,manual,68.8,,TRUE,TRUE,,,,
ergonomic-bronze-shoes,Ergonomic Bronze Shoes,"Helpless In The Face Of Your Beauty. Wolf flannel typewriter fingerstache actually portland listicle. Antediluvian squamous comprehension effulgence spectral immemorial stench. Funny, It Worked Last Time....",Keeling-Thiel,PDFs,"Shoes,Grocery,Grocery",TRUE,Color,amethyst,,,,,,293,,deny,32,manual,3.39,,TRUE,TRUE,,https://source.unsplash.com/random/?cutlery ,Inappropriate Response,FALSE
ergonomic-bronze-shoes,,,,,,,Color,erin,,,,,ergonomic-bronze-shoes-erin,774,,deny,35,manual,3.39,,TRUE,TRUE,,,,
ergonomic-bronze-shoes,,,,,,,Color,gray,,,,,ergonomic-bronze-shoes-gray,80,,deny,41,manual,3.39,,TRUE,TRUE,,,,
sleek-concrete-shoes,Sleek Concrete Shoes,Charming But Irrational. Chia venmo kogi gentrify. Profit Margin. Hideous eldritch swarthy dank.,Lueilwitz and Sons,Videos,"Shoes,Music,Jewelry",TRUE,Color,ivory,,,,,,38,,deny,39,manual,65.12,,TRUE,TRUE,,https://source.unsplash.com/random/?houseplant ,Never Talk To Strangers,FALSE
sleek-concrete-shoes,,,,,,,Color,amaranth,,,,,sleek-concrete-shoes-amaranth,88,,deny,36,manual,65.12,,TRUE,TRUE,,,,
sleek-concrete-shoes,,,,,,,Color,erin,,,,,sleek-concrete-shoes-erin,758,,deny,4,manual,65.12,,TRUE,TRUE,,,,
aerodynamic-bronze-plate,Aerodynamic Bronze Plate,Now Look What You've Made Me Do. Another Fine Product From The Nonsense Factory. Non-euclidean singular unmentionable unutterable blasphemous spectral eldritch decadent. Vice tote bag viral chia forage organic skateboard typewriter vhs.,Greenfelder-Bernier,PDFs,"Industrial,Home,Health",TRUE,Color,tan,,,,,,753,,deny,3,manual,23.06,,TRUE,TRUE,,https://source.unsplash.com/random/?cutlery ,Teething Problems,FALSE
aerodynamic-bronze-plate,,,,,,,Color,ochre,,,,,aerodynamic-bronze-plate-ochre,424,,deny,14,manual,23.06,,TRUE,TRUE,,,,
aerodynamic-bronze-plate,,,,,,,Color,teal,,,,,aerodynamic-bronze-plate-teal,952,,deny,28,manual,23.06,,TRUE,TRUE,,,,
incredible-bronze-shirt,Incredible Bronze Shirt,Learned Response. Seed Drill. Antediluvian accursed comprehension loathsome gibbous non-euclidean tentacles effulgence. Lumbersexual leggings xoxo shabby chic sustainable.,Klocko Group,Videos,"Toys,Shoes,Clothing",TRUE,Color,sapphire,,,,,,413,,deny,36,manual,64.03,,TRUE,TRUE,,https://source.unsplash.com/random/?interior ,Congenital Optimist,FALSE
incredible-bronze-shirt,,,,,,,Color,carmine,,,,,incredible-bronze-shirt-carmine,424,,deny,35,manual,64.03,,TRUE,TRUE,,,,
incredible-bronze-shirt,,,,,,,Color,ultramarine,,,,,incredible-bronze-shirt-ultramarine,944,,deny,4,manual,64.03,,TRUE,TRUE,,,,
mediocre-plastic-clock,Mediocre Plastic Clock,Pressure Drop. Indescribable abnormal non-euclidean dank antediluvian gibbering manuscript. Sanctioned Parts List. Fashion axe readymade venmo health heirloom keytar fanny pack listicle cornhole.,Bayer Group,Books,"Baby,Beauty,Music",TRUE,Color,amber,,,,,,759,,deny,12,manual,78.06,,TRUE,TRUE,,https://source.unsplash.com/random/?product ,Lacking That Small Match Temperament,FALSE
mediocre-plastic-clock,,,,,,,Color,amaranth,,,,,mediocre-plastic-clock-amaranth,897,,deny,38,manual,78.06,,TRUE,TRUE,,,,
mediocre-plastic-clock,,,,,,,Color,turquoise,,,,,mediocre-plastic-clock-turquoise,576,,deny,49,manual,78.06,,TRUE,TRUE,,,,
practical-marble-lamp,Practical Marble Lamp,Peace Makes Plenty. Tenebrous non-euclidean spectral lurk cat blasphemous. Fingerstache blue bottle kogi tilde. Shoot Them Later.,Bode Group,Books,"Computers,Jewelry,Computers",TRUE,Color,brown,,,,,,495,,deny,6,manual,75.11,,TRUE,TRUE,,https://source.unsplash.com/random/?interior ,No Fixed Abode,FALSE
practical-marble-lamp,,,,,,,Color,white,,,,,practical-marble-lamp-white,88,,deny,32,manual,75.11,,TRUE,TRUE,,,,
practical-marble-lamp,,,,,,,Color,amber,,,,,practical-marble-lamp-amber,208,,deny,34,manual,75.11,,TRUE,TRUE,,,,
mediocre-concrete-pants,Mediocre Concrete Pants,Well I Was In The Neighbourhood. Swarthy lurk gibbering mortal effulgence accursed eldritch. You Naughty Monsters. Slow-carb banh mi brunch yolo raw denim pop-up wes anderson marfa.,Stracke-Flatley,PDFs,"Kids,Grocery,Games",TRUE,Color,cerise,,,,,,477,,deny,22,manual,6.04,,TRUE,TRUE,,https://source.unsplash.com/random/?interior ,Reformed Nice Guy,FALSE
mediocre-concrete-pants,,,,,,,Color,aquamarine,,,,,mediocre-concrete-pants-aquamarine,620,,deny,9,manual,6.04,,TRUE,TRUE,,,,
mediocre-concrete-pants,,,,,,,Color,yellow,,,,,mediocre-concrete-pants-yellow,192,,deny,28,manual,6.04,,TRUE,TRUE,,,,
enormous-copper-shirt,Enormous Copper Shirt,"Aesthetic marfa wes anderson vinegar literally artisan lo-fi migas shabby chic. I Said, I've Got A Big Stick. Charitable View. Charnel ululate eldritch tentacles lurk cyclopean.",Ruecker-Koelpin,Videos,"Outdoors,Shoes,Jewelry",TRUE,Color,ruby,,,,,,483,,deny,47,manual,8.62,,TRUE,TRUE,,https://source.unsplash.com/random/?interior ,Highpoint,FALSE
enormous-copper-shirt,,,,,,,Color,ivory,,,,,enormous-copper-shirt-ivory,612,,deny,15,manual,8.62,,TRUE,TRUE,,,,
enormous-copper-shirt,,,,,,,Color,teal,,,,,enormous-copper-shirt-teal,531,,deny,12,manual,8.62,,TRUE,TRUE,,,,
rustic-aluminum-knife,Rustic Aluminum Knife,Literally freegan yolo tousled scenester. Tentacles stygian eldritch lurk cyclopean. Heavy Messing. Perfidy.,"MacGyver, Russel and Gislason",Videos,"Games,Jewelry,Shoes",TRUE,Color,amber,,,,,,794,,deny,41,manual,30.75,,TRUE,TRUE,,https://source.unsplash.com/random/?product ,Smile Tolerantly,FALSE
rustic-aluminum-knife,,,,,,,Color,blush,,,,,rustic-aluminum-knife-blush,797,,deny,5,manual,30.75,,TRUE,TRUE,,,,
rustic-aluminum-knife,,,,,,,Color,crimson,,,,,rustic-aluminum-knife-crimson,255,,deny,10,manual,30.75,,TRUE,TRUE,,,,
awesome-cotton-bench,Awesome Cotton Bench,Xenoglossicist. Fungus spectral dank abnormal shunned. Break Even. Kickstarter blog umami health yr irony polaroid humblebrag trust fund.,"Parisian, Bauch and Hettinger",Books,"Health,Outdoors,Computers",TRUE,Color,rose,,,,,,128,,deny,28,manual,41.74,,TRUE,TRUE,,https://source.unsplash.com/random/?cutlery ,Just The Washing Instruction Chip In Life's Rich Tapestry,FALSE
awesome-cotton-bench,,,,,,,Color,yellow,,,,,awesome-cotton-bench-yellow,295,,deny,24,manual,41.74,,TRUE,TRUE,,,,
awesome-cotton-bench,,,,,,,Color,periwinkle,,,,,awesome-cotton-bench-periwinkle,820,,deny,42,manual,41.74,,TRUE,TRUE,,,,
rustic-wooden-computer,Rustic Wooden Computer,Rapid Random Response Unit. Narwhal vhs aesthetic brunch shoreditch letterpress normcore hashtag. Limivorous. Antediluvian noisome squamous accursed dank stench gibbering eldritch.,Hane Group,PDFs,"Outdoors,Sports,Health",TRUE,Color,turquoise,,,,,,976,,deny,43,manual,33.82,,TRUE,TRUE,,https://source.unsplash.com/random/?interior ,Value Judgement,FALSE
rustic-wooden-computer,,,,,,,Color,raspberry,,,,,rustic-wooden-computer-raspberry,424,,deny,26,manual,33.82,,TRUE,TRUE,,,,
rustic-wooden-computer,,,,,,,Color,burgundy,,,,,rustic-wooden-computer-burgundy,136,,deny,43,manual,33.82,,TRUE,TRUE,,,,
awesome-cotton-table,Awesome Cotton Table,Wolf viral listicle chia banh mi squid meditation 3 wolf moon artisan. Peace Makes Plenty. Profit Margin. Decadent tenebrous gambrel comprehension charnel antediluvian.,Williamson LLC,PDFs,"Music,Computers,Books",TRUE,Color,sapphire,,,,,,797,,deny,49,manual,64.87,,TRUE,TRUE,,https://source.unsplash.com/random/?cutlery ,Lacking That Small Match Temperament,FALSE
awesome-cotton-table,,,,,,,Color,lavender,,,,,awesome-cotton-table-lavender,507,,deny,30,manual,64.87,,TRUE,TRUE,,,,
awesome-cotton-table,,,,,,,Color,beige,,,,,awesome-cotton-table-beige,345,,deny,49,manual,64.87,,TRUE,TRUE,,,,
awesome-plastic-coat,Awesome Plastic Coat,Value Judgement. Shunned singular gambrel furtive antiquarian tentacles tenebrous. Beastly To The Animals. Church-key brunch salvia flannel mlkshk letterpress.,Klocko-Shields,Books,"Movies,Garden,Jewelry",TRUE,Color,bronze,,,,,,142,,deny,8,manual,64.84,,TRUE,TRUE,,https://source.unsplash.com/random/?product ,T3OU 736,FALSE
awesome-plastic-coat,,,,,,,Color,ultramarine,,,,,awesome-plastic-coat-ultramarine,696,,deny,21,manual,64.84,,TRUE,TRUE,,,,
awesome-plastic-coat,,,,,,,Color,silver,,,,,awesome-plastic-coat-silver,767,,deny,8,manual,64.84,,TRUE,TRUE,,,,
awesome-linen-bench,Awesome Linen Bench,Wayfarers forage austin cardigan tacos aesthetic. Armchair Traveller. Fungus antediluvian eldritch abnormal cyclopean foetid. What Are The Civilian Applications?.,Murazik LLC,PDFs,"Baby,Shoes,Toys",TRUE,Color,puce,,,,,,892,,deny,25,manual,48.8,,TRUE,TRUE,,https://source.unsplash.com/random/?houseplant ,You Naughty Monsters,FALSE
awesome-linen-bench,,,,,,,Color,maroon,,,,,awesome-linen-bench-maroon,379,,deny,17,manual,48.8,,TRUE,TRUE,,,,
awesome-linen-bench,,,,,,,Color,plum,,,,,awesome-linen-bench-plum,957,,deny,2,manual,48.8,,TRUE,TRUE,,,,
aerodynamic-plastic-shirt,Aerodynamic Plastic Shirt,Peace Makes Plenty. Accursed squamous swarthy eldritch iridescence lurk blasphemous gambrel abnormal. What Are The Civilian Applications?. Church-key keytar brooklyn shoreditch mumblecore skateboard flexitarian biodiesel authentic.,Nicolas-Roberts,Books,"Clothing,Books,Games",TRUE,Color,indigo,,,,,,997,,deny,17,manual,22.77,,TRUE,TRUE,,https://source.unsplash.com/random/?houseplant ,Beastly To The Animals,FALSE
aerodynamic-plastic-shirt,,,,,,,Color,gold,,,,,aerodynamic-plastic-shirt-gold,521,,deny,29,manual,22.77,,TRUE,TRUE,,,,
aerodynamic-plastic-shirt,,,,,,,Color,bronze,,,,,aerodynamic-plastic-shirt-bronze,519,,deny,1,manual,22.77,,TRUE,TRUE,,,,
sleek-cotton-shirt,Sleek Cotton Shirt,I Blame Your Mother. Contents May Differ. Antiquarian fungus furtive amorphous. Food truck hella vhs diy vinegar.,McClure LLC,Videos,"Industrial,Health,Kids",TRUE,Color,red,,,,,,31,,deny,21,manual,23.4,,TRUE,TRUE,,https://source.unsplash.com/random/?product ,Refreshingly Unconcerned With The Vulgar Exigencies Of Veracity,FALSE
sleek-cotton-shirt,,,,,,,Color,mauve,,,,,sleek-cotton-shirt-mauve,145,,deny,40,manual,23.4,,TRUE,TRUE,,,,
sleek-cotton-shirt,,,,,,,Color,coffee,,,,,sleek-cotton-shirt-coffee,700,,deny,32,manual,23.4,,TRUE,TRUE,,,,
mediocre-concrete-keyboard,Mediocre Concrete Keyboard,Beard venmo 8-bit cray flannel single-origin coffee. Never Talk To Strangers. Determinist. Abnormal immemorial lurk loathsome decadent charnel antiquarian.,"Fadel, Murray and Konopelski",PDFs,"Health,Kids,Music",TRUE,Color,mauve,,,,,,349,,deny,44,manual,88.71,,TRUE,TRUE,,https://source.unsplash.com/random/?interior ,Heavy Messing,FALSE
mediocre-concrete-keyboard,,,,,,,Color,purple,,,,,mediocre-concrete-keyboard-purple,287,,deny,26,manual,88.71,,TRUE,TRUE,,,,
mediocre-concrete-keyboard,,,,,,,Color,erin,,,,,mediocre-concrete-keyboard-erin,520,,deny,29,manual,88.71,,TRUE,TRUE,,,,
incredible-plastic-bottle,Incredible Plastic Bottle,Just Read The Instructions. Unmentionable ululate non-euclidean charnel eldritch madness dank. Authentic quinoa banh mi polaroid seitan. Well I Was In The Neighbourhood.,"Doyle, Armstrong and Gleichner",Books,"Shoes,Music,Automotive",TRUE,Color,beige,,,,,,592,,deny,47,manual,50.84,,TRUE,TRUE,,https://source.unsplash.com/random/?product ,No More Mr Nice Guy,FALSE
incredible-plastic-bottle,,,,,,,Color,maroon,,,,,incredible-plastic-bottle-maroon,281,,deny,6,manual,50.84,,TRUE,TRUE,,,,
incredible-plastic-bottle,,,,,,,Color,purple,,,,,incredible-plastic-bottle-purple,446,,deny,12,manual,50.84,,TRUE,TRUE,,,,
heavy-duty-bronze-chair,Heavy Duty Bronze Chair,Cantankerous. Drinking fanny pack cronut offal pop-up. Antediluvian non-euclidean mortal fainted abnormal. A Series Of Unlikely Explanations.,Gerhold and Sons,PDFs,"Baby,Shoes,Games",TRUE,Color,champagne,,,,,,221,,deny,23,manual,4.65,,TRUE,TRUE,,https://source.unsplash.com/random/?product ,Charming But Irrational,FALSE
heavy-duty-bronze-chair,,,,,,,Color,brown,,,,,heavy-duty-bronze-chair-brown,637,,deny,37,manual,4.65,,TRUE,TRUE,,,,
heavy-duty-bronze-chair,,,,,,,Color,olive,,,,,heavy-duty-bronze-chair-olive,269,,deny,26,manual,4.65,,TRUE,TRUE,,,,
practical-wooden-wallet,Practical Wooden Wallet,"Bodhisattva , OAQS. Banh mi chartreuse quinoa lomo street phlogiston bicycle rights goth. Squamous effulgence foetid gambrel eldritch mortal fainted tentacles. I Blame My Mother.",Ziemann Inc,Books,"Games,Industrial,Sports",TRUE,Color,coffee,,,,,,139,,deny,30,manual,2.69,,TRUE,TRUE,,https://source.unsplash.com/random/?product ,Within Reason,FALSE
practical-wooden-wallet,,,,,,,Color,mauve,,,,,practical-wooden-wallet-mauve,502,,deny,5,manual,2.69,,TRUE,TRUE,,,,
practical-wooden-wallet,,,,,,,Color,tan,,,,,practical-wooden-wallet-tan,341,,deny,20,manual,2.69,,TRUE,TRUE,,,,
practical-steel-bag,Practical Steel Bag,Contents May Differ. Fingerstache semiotics fanny pack biodiesel phlogiston ethical kickstarter. Furtive accursed effulgence eldritch. Hylozoist.,"MacGyver, Yundt and Schaefer",Books,"Shoes,Toys,Health",TRUE,Color,azure,,,,,,579,,deny,15,manual,42.43,,TRUE,TRUE,,https://source.unsplash.com/random/?interior ,Hylozoist,FALSE
practical-steel-bag,,,,,,,Color,taupe,,,,,practical-steel-bag-taupe,123,,deny,49,manual,42.43,,TRUE,TRUE,,,,
practical-steel-bag,,,,,,,Color,violet,,,,,practical-steel-bag-violet,561,,deny,22,manual,42.43,,TRUE,TRUE,,,,
heavy-duty-aluminum-shoes,Heavy Duty Aluminum Shoes,Decadent cyclopean blasphemous antediluvian nameless daemoniac. Not Invented Here. Of Course I Still Love You. Jean shorts paleo microdosing lo-fi typewriter semiotics.,"Steuber, King and Considine",PDFs,"Kids,Tools,Outdoors",TRUE,Color,violet,,,,,,342,,deny,23,manual,93.1,,TRUE,TRUE,,https://source.unsplash.com/random/?houseplant ,Just Another Victim Of The Ambient Morality,FALSE
heavy-duty-aluminum-shoes,,,,,,,Color,erin,,,,,heavy-duty-aluminum-shoes-erin,37,,deny,5,manual,93.1,,TRUE,TRUE,,,,
heavy-duty-aluminum-shoes,,,,,,,Color,bronze,,,,,heavy-duty-aluminum-shoes-bronze,906,,deny,23,manual,93.1,,TRUE,TRUE,,,,
intelligent-marble-bottle,Intelligent Marble Bottle,Comprehension noisome ululate immemorial indescribable squamous unnamable. A Fine Disregard For Awkward Facts. No Fixed Abode. Meggings skateboard meditation trust fund.,Schuster-Rice,Books,"Sports,Clothing,Beauty",TRUE,Color,ochre,,,,,,490,,deny,44,manual,86.22,,TRUE,TRUE,,https://source.unsplash.com/random/?houseplant ,Of Course I Still Love You,FALSE
intelligent-marble-bottle,,,,,,,Color,copper,,,,,intelligent-marble-bottle-copper,414,,deny,38,manual,86.22,,TRUE,TRUE,,,,
intelligent-marble-bottle,,,,,,,Color,tan,,,,,intelligent-marble-bottle-tan,832,,deny,36,manual,86.22,,TRUE,TRUE,,,,
lightweight-wool-car,Lightweight Wool Car,Empiricist. Flannel bespoke narwhal vegan. Ravished By The Sheer Implausibility Of That Last Statement. Tenebrous nameless gibbous fungus daemoniac foetid singular dank.,"MacGyver, Mertz and Volkman",PDFs,"Beauty,Health,Books",TRUE,Color,sky,,,,,,376,,deny,28,manual,52.99,,TRUE,TRUE,,https://source.unsplash.com/random/?cutlery ,Transient Atmospheric Phenomenon,FALSE
lightweight-wool-car,,,,,,,Color,emerald,,,,,lightweight-wool-car-emerald,972,,deny,35,manual,52.99,,TRUE,TRUE,,,,
lightweight-wool-car,,,,,,,Color,raspberry,,,,,lightweight-wool-car-raspberry,391,,deny,41,manual,52.99,,TRUE,TRUE,,,,
sleek-paper-knife,Sleek Paper Knife,Health loko flexitarian wes anderson skateboard. Trade Surplus. Abnormal noisome spectral stench ululate. Honest Mistake.,Bahringer-Fisher,PDFs,"Music,Books,Games",TRUE,Color,brown,,,,,,710,,deny,24,manual,5.28,,TRUE,TRUE,,https://source.unsplash.com/random/?product ,Conventional Wisdom,FALSE
sleek-paper-knife,,,,,,,Color,gray,,,,,sleek-paper-knife-gray,182,,deny,29,manual,5.28,,TRUE,TRUE,,,,
sleek-paper-knife,,,,,,,Color,carmine,,,,,sleek-paper-knife-carmine,283,,deny,1,manual,5.28,,TRUE,TRUE,,,,
mediocre-wool-plate,Mediocre Wool Plate,"Offal microdosing schlitz disrupt cardigan gluten-free shoreditch. Eldritch gibbering decadent gibbous. Bodhisattva , OAQS. Excuses And Accusations.","Block, Renner and Dicki",Videos,"Baby,Sports,Garden",TRUE,Color,fuchsia,,,,,,697,,deny,35,manual,14.93,,TRUE,TRUE,,https://source.unsplash.com/random/?cutlery ,Value Judgement,FALSE
mediocre-wool-plate,,,,,,,Color,salmon,,,,,mediocre-wool-plate-salmon,690,,deny,46,manual,14.93,,TRUE,TRUE,,,,
mediocre-wool-plate,,,,,,,Color,aquamarine,,,,,mediocre-wool-plate-aquamarine,177,,deny,5,manual,14.93,,TRUE,TRUE,,,,
sleek-linen-knife,Sleek Linen Knife,Iridescence decadent cat amorphous immemorial spectral. Just Read The Instructions. Tacos gastropub cred banjo cliche ennui pitchfork. Scar Glamour.,"Walker, Auer and Hermann",PDFs,"Shoes,Baby,Jewelry",TRUE,Color,blue,,,,,,343,,deny,31,manual,28.07,,TRUE,TRUE,,https://source.unsplash.com/random/?product ,Don't Try This At Home,FALSE
sleek-linen-knife,,,,,,,Color,viridian,,,,,sleek-linen-knife-viridian,251,,deny,11,manual,28.07,,TRUE,TRUE,,,,
sleek-linen-knife,,,,,,,Color,azure,,,,,sleek-linen-knife-azure,652,,deny,38,manual,28.07,,TRUE,TRUE,,,,
synergistic-wool-chair,Synergistic Wool Chair,Unmentionable iridescence blasphemous gibbous nameless accursed non-euclidean tenebrous. Banjo seitan pabst kogi. Well I Was In The Neighbourhood. Use Psychology.,Funk-Breitenberg,PDFs,"Health,Jewelry,Industrial",TRUE,Color,taupe,,,,,,793,,deny,20,manual,49.9,,TRUE,TRUE,,https://source.unsplash.com/random/?cutlery ,Refreshingly Unconcerned With The Vulgar Exigencies Of Veracity,FALSE
synergistic-wool-chair,,,,,,,Color,sky,,,,,synergistic-wool-chair-sky,47,,deny,20,manual,49.9,,TRUE,TRUE,,,,
synergistic-wool-chair,,,,,,,Color,green,,,,,synergistic-wool-chair-green,604,,deny,17,manual,49.9,,TRUE,TRUE,,,,
sleek-steel-chair,Sleek Steel Chair,Artisan banjo butcher occupy tilde franzen 90's. Empiricist. Xenophobe. Immemorial loathsome nameless antediluvian ululate foetid daemoniac cyclopean singular.,Koss and Sons,Books,"Music,Sports,Sports",TRUE,Color,raspberry,,,,,,588,,deny,9,manual,93.16,,TRUE,TRUE,,https://source.unsplash.com/random/?houseplant ,It'll Be Over By Christmas,FALSE
sleek-steel-chair,,,,,,,Color,peach,,,,,sleek-steel-chair-peach,261,,deny,46,manual,93.16,,TRUE,TRUE,,,,
sleek-steel-chair,,,,,,,Color,ultramarine,,,,,sleek-steel-chair-ultramarine,303,,deny,31,manual,93.16,,TRUE,TRUE,,,,
small-linen-coat,Small Linen Coat,Locavore yolo green juice you probably haven't heard of them lumbersexual schlitz pug. Shunned ululate decadent unnamable abnormal noisome effulgence nameless tentacles. Falling Outside The Normal Moral Constraints. Break Even.,Lesch Inc,Videos,"Tools,Sports,Movies",TRUE,Color,sapphire,,,,,,611,,deny,11,manual,75.83,,TRUE,TRUE,,https://source.unsplash.com/random/?houseplant ,Just Another Victim Of The Ambient Morality,FALSE
small-linen-coat,,,,,,,Color,black,,,,,small-linen-coat-black,296,,deny,29,manual,75.83,,TRUE,TRUE,,,,
small-linen-coat,,,,,,,Color,lemon,,,,,small-linen-coat-lemon,766,,deny,49,manual,75.83,,TRUE,TRUE,,,,
incredible-bronze-computer,Incredible Bronze Computer,"Hidden Income. Small batch master carry before they sold out marfa readymade. Quietly Confident , later Sleeper Service. Immemorial stygian fungus furtive.",Willms-Osinski,PDFs,"Electronics,Grocery,Games",TRUE,Color,grey,,,,,,696,,deny,36,manual,8.87,,TRUE,TRUE,,https://source.unsplash.com/random/?houseplant ,Sanctioned Parts List,FALSE
incredible-bronze-computer,,,,,,,Color,jade,,,,,incredible-bronze-computer-jade,922,,deny,48,manual,8.87,,TRUE,TRUE,,,,
incredible-bronze-computer,,,,,,,Color,lime,,,,,incredible-bronze-computer-lime,612,,deny,36,manual,8.87,,TRUE,TRUE,,,,
practical-linen-plate,Practical Linen Plate,Revisionist. Unmentionable daemoniac indescribable hideous comprehension immemorial. Awkward Customer. Kickstarter pabst fixie whatever.,O'Keefe-Runte,Books,"Kids,Kids,Tools",TRUE,Color,copper,,,,,,384,,deny,48,manual,30.16,,TRUE,TRUE,,https://source.unsplash.com/random/?houseplant ,Space Monster,FALSE
practical-linen-plate,,,,,,,Color,orchid,,,,,practical-linen-plate-orchid,957,,deny,40,manual,30.16,,TRUE,TRUE,,,,
practical-linen-plate,,,,,,,Color,sapphire,,,,,practical-linen-plate-sapphire,570,,deny,16,manual,30.16,,TRUE,TRUE,,,,
lightweight-marble-shoes,Lightweight Marble Shoes,Pinterest loko ennui kinfolk umami pickled. Swarthy ululate antediluvian cat cyclopean gibbous. Now We Try It My Way. Gunboat Diplomat.,"Nolan, Stiedemann and Olson",PDFs,"Electronics,Grocery,Tools",TRUE,Color,sangria,,,,,,929,,deny,38,manual,58.67,,TRUE,TRUE,,https://source.unsplash.com/random/?houseplant ,No Fixed Abode,FALSE
lightweight-marble-shoes,,,,,,,Color,yellow,,,,,lightweight-marble-shoes-yellow,720,,deny,40,manual,58.67,,TRUE,TRUE,,,,
lightweight-marble-shoes,,,,,,,Color,gray,,,,,lightweight-marble-shoes-gray,745,,deny,6,manual,58.67,,TRUE,TRUE,,,,
sleek-aluminum-bench,Sleek Aluminum Bench,Dank cat indescribable madness gibbering squamous. God Told Me To Do It. Don't Try This At Home. Pug farm-to-table tattooed authentic bushwick crucifix cred vhs.,Mayert Inc,Books,"Industrial,Sports,Automotive",TRUE,Color,blush,,,,,,672,,deny,6,manual,12.62,,TRUE,TRUE,,https://source.unsplash.com/random/?houseplant ,Liveware Problem,FALSE
sleek-aluminum-bench,,,,,,,Color,orchid,,,,,sleek-aluminum-bench-orchid,818,,deny,9,manual,12.62,,TRUE,TRUE,,,,
sleek-aluminum-bench,,,,,,,Color,rose,,,,,sleek-aluminum-bench-rose,520,,deny,42,manual,12.62,,TRUE,TRUE,,,,
small-bronze-wallet,Small Bronze Wallet,Different Tan. I Blame Your Mother. Effulgence non-euclidean hideous singular squamous. Letterpress deep v skateboard forage marfa muggle magic 3 wolf moon cronut goth.,Anderson and Sons,Books,"Movies,Movies,Shoes",TRUE,Color,amaranth,,,,,,63,,deny,6,manual,16.79,,TRUE,TRUE,,https://source.unsplash.com/random/?interior ,MBU 604,FALSE
small-bronze-wallet,,,,,,,Color,apricot,,,,,small-bronze-wallet-apricot,875,,deny,38,manual,16.79,,TRUE,TRUE,,,,
small-bronze-wallet,,,,,,,Color,purple,,,,,small-bronze-wallet-purple,112,,deny,13,manual,16.79,,TRUE,TRUE,,,,
awesome-plastic-hat,Awesome Plastic Hat,Abnormal effulgence cat fungus lurk shunned hideous manuscript madness. Just Passing Through. Swag poutine muggle magic disrupt. Never Talk To Strangers.,Carroll-Langworth,Videos,"Computers,Jewelry,Toys",TRUE,Color,tan,,,,,,907,,deny,24,manual,75.74,,TRUE,TRUE,,https://source.unsplash.com/random/?cutlery ,Attitude Adjuster,FALSE
awesome-plastic-hat,,,,,,,Color,champagne,,,,,awesome-plastic-hat-champagne,927,,deny,7,manual,75.74,,TRUE,TRUE,,,,
awesome-plastic-hat,,,,,,,Color,maroon,,,,,awesome-plastic-hat-maroon,701,,deny,19,manual,75.74,,TRUE,TRUE,,,,
incredible-paper-coat,Incredible Paper Coat,Vegan mlkshk pickled bespoke. No One Knows What The Dead Think. Demented But Determined. Daemoniac fainted unnamable mortal.,Ankunding-Schneider,PDFs,"Movies,Sports,Home",TRUE,Color,beige,,,,,,529,,deny,16,manual,76.39,,TRUE,TRUE,,https://source.unsplash.com/random/?cutlery ,Kakistocrat,FALSE
incredible-paper-coat,,,,,,,Color,ivory,,,,,incredible-paper-coat-ivory,242,,deny,49,manual,76.39,,TRUE,TRUE,,,,
incredible-paper-coat,,,,,,,Color,silver,,,,,incredible-paper-coat-silver,398,,deny,26,manual,76.39,,TRUE,TRUE,,,,
ergonomic-linen-plate,Ergonomic Linen Plate,Shoreditch distillery twee portland synth literally meh. Flexible Demeanour. Beats Working. Gibbous iridescence charnel squamous dank abnormal unutterable.,Kiehn LLC,Books,"Outdoors,Sports,Electronics",TRUE,Color,ruby,,,,,,350,,deny,25,manual,51.21,,TRUE,TRUE,,https://source.unsplash.com/random/?product ,Mistake Not...,FALSE
ergonomic-linen-plate,,,,,,,Color,raspberry,,,,,ergonomic-linen-plate-raspberry,121,,deny,50,manual,51.21,,TRUE,TRUE,,,,
ergonomic-linen-plate,,,,,,,Color,cerise,,,,,ergonomic-linen-plate-cerise,271,,deny,37,manual,51.21,,TRUE,TRUE,,,,
aerodynamic-granite-watch,Aerodynamic Granite Watch,Of Course I Still Love You. Paleo pickled pork belly cardigan chillwave crucifix. Irregular Apocalypse. Iridescence noisome foetid unutterable effulgence tentacles singular fainted cat.,Hessel-Bernier,Videos,"Health,Health,Beauty",TRUE,Color,green,,,,,,408,,deny,22,manual,24,,TRUE,TRUE,,https://source.unsplash.com/random/?houseplant ,Bora Horza Gobuchul,FALSE
aerodynamic-granite-watch,,,,,,,Color,turquoise,,,,,aerodynamic-granite-watch-turquoise,88,,deny,18,manual,24,,TRUE,TRUE,,,,
aerodynamic-granite-watch,,,,,,,Color,plum,,,,,aerodynamic-granite-watch-plum,372,,deny,8,manual,24,,TRUE,TRUE,,,,
fantastic-leather-hat,Fantastic Leather Hat,Unutterable decadent nameless spectral swarthy dank cat. So Much For Subtlety. Art party chartreuse iphone chillwave food truck church-key pour-over poutine. You Would If You Really Loved Me.,"Schamberger, Beatty and Hilpert",Books,"Games,Shoes,Baby",TRUE,Color,gold,,,,,,573,,deny,24,manual,8.77,,TRUE,TRUE,,https://source.unsplash.com/random/?interior ,Excuses And Accusations,FALSE
fantastic-leather-hat,,,,,,,Color,apricot,,,,,fantastic-leather-hat-apricot,217,,deny,8,manual,8.77,,TRUE,TRUE,,,,
fantastic-leather-hat,,,,,,,Color,ivory,,,,,fantastic-leather-hat-ivory,369,,deny,7,manual,8.77,,TRUE,TRUE,,,,
ergonomic-leather-table,Ergonomic Leather Table,3 wolf moon taxidermy small batch lumbersexual bushwick jean shorts marfa franzen cleanse. T3OU 118. Beastly To The Animals. Antiquarian blasphemous lurk foetid tenebrous stygian hideous singular.,Gorczany-Mann,PDFs,"Baby,Health,Health",TRUE,Color,purple,,,,,,36,,deny,10,manual,69.42,,TRUE,TRUE,,https://source.unsplash.com/random/?houseplant ,No One Knows What The Dead Think,FALSE
ergonomic-leather-table,,,,,,,Color,orchid,,,,,ergonomic-leather-table-orchid,318,,deny,7,manual,69.42,,TRUE,TRUE,,,,
ergonomic-leather-table,,,,,,,Color,cyan,,,,,ergonomic-leather-table-cyan,647,,deny,11,manual,69.42,,TRUE,TRUE,,,,
heavy-duty-paper-computer,Heavy Duty Paper Computer,You Call This Clean?. Aesthetic normcore kinfolk narwhal. Blasphemous accursed shunned loathsome gibbous unutterable comprehension iridescence non-euclidean. Xenophobe.,Reilly and Sons,Books,"Grocery,Books,Shoes",TRUE,Color,tan,,,,,,734,,deny,32,manual,69.07,,TRUE,TRUE,,https://source.unsplash.com/random/?product ,Ravished By The Sheer Implausibility Of That Last Statement,FALSE
heavy-duty-paper-computer,,,,,,,Color,rose,,,,,heavy-duty-paper-computer-rose,759,,deny,16,manual,69.07,,TRUE,TRUE,,,,
heavy-duty-paper-computer,,,,,,,Color,silver,,,,,heavy-duty-paper-computer-silver,387,,deny,12,manual,69.07,,TRUE,TRUE,,,,
practical-steel-gloves,Practical Steel Gloves,Furtive tentacles tenebrous stench daemoniac antiquarian immemorial. You'll Clean That Up Before You Leave. Slow-carb twee aesthetic cardigan normcore kitsch. Lasting Damage I.,Raynor-Kreiger,PDFs,"Clothing,Electronics,Tools",TRUE,Color,beige,,,,,,786,,deny,44,manual,85.08,,TRUE,TRUE,,https://source.unsplash.com/random/?houseplant ,Within Reason,FALSE
practical-steel-gloves,,,,,,,Color,lavender,,,,,practical-steel-gloves-lavender,552,,deny,38,manual,85.08,,TRUE,TRUE,,,,
practical-steel-gloves,,,,,,,Color,black,,,,,practical-steel-gloves-black,20,,deny,26,manual,85.08,,TRUE,TRUE,,,,
ergonomic-plastic-computer,Ergonomic Plastic Computer,Migas health street vice green juice normcore. Scar Glamour. Bad For Business. Antiquarian stygian indescribable tentacles gambrel unnamable fainted.,"Lemke, Wuckert and Streich",PDFs,"Beauty,Books,Health",TRUE,Color,green,,,,,,340,,deny,26,manual,2.79,,TRUE,TRUE,,https://source.unsplash.com/random/?product ,Screw Loose,FALSE
ergonomic-plastic-computer,,,,,,,Color,chocolate,,,,,ergonomic-plastic-computer-chocolate,969,,deny,33,manual,2.79,,TRUE,TRUE,,,,
ergonomic-plastic-computer,,,,,,,Color,beige,,,,,ergonomic-plastic-computer-beige,401,,deny,47,manual,2.79,,TRUE,TRUE,,,,
enormous-bronze-knife,Enormous Bronze Knife,Value Judgement. T3OU 736. Irony yuccie ugh direct trade everyday. Accursed daemoniac stench decadent amorphous indescribable unmentionable squamous.,Turcotte-Murray,Books,"Garden,Grocery,Beauty",TRUE,Color,lemon,,,,,,448,,deny,2,manual,48.15,,TRUE,TRUE,,https://source.unsplash.com/random/?houseplant ,Flexible Demeanour,FALSE
enormous-bronze-knife,,,,,,,Color,puce,,,,,enormous-bronze-knife-puce,333,,deny,7,manual,48.15,,TRUE,TRUE,,,,
enormous-bronze-knife,,,,,,,Color,amethyst,,,,,enormous-bronze-knife-amethyst,27,,deny,40,manual,48.15,,TRUE,TRUE,,,,
practical-cotton-wallet,Practical Cotton Wallet,Just Passing Through. Tentacles gambrel antiquarian singular. Truffaut artisan thundercats keffiyeh intelligentsia occupy twee. Limivorous.,Williamson-Kassulke,PDFs,"Home,Kids,Tools",TRUE,Color,amethyst,,,,,,474,,deny,26,manual,51.81,,TRUE,TRUE,,https://source.unsplash.com/random/?interior ,"Bodhisattva , OAQS",FALSE
practical-cotton-wallet,,,,,,,Color,periwinkle,,,,,practical-cotton-wallet-periwinkle,656,,deny,45,manual,51.81,,TRUE,TRUE,,,,
practical-cotton-wallet,,,,,,,Color,coral,,,,,practical-cotton-wallet-coral,809,,deny,17,manual,51.81,,TRUE,TRUE,,,,
durable-plastic-lamp,Durable Plastic Lamp,Before they sold out celiac green juice brooklyn. Nervous Energy. Indescribable decadent antediluvian lurk ululate stench. T3OU 736.,"Pagac, McClure and Schiller",Videos,"Health,Beauty,Jewelry",TRUE,Color,apricot,,,,,,349,,deny,28,manual,41.91,,TRUE,TRUE,,https://source.unsplash.com/random/?interior ,Arrested Development,FALSE
durable-plastic-lamp,,,,,,,Color,amaranth,,,,,durable-plastic-lamp-amaranth,941,,deny,32,manual,41.91,,TRUE,TRUE,,,,
durable-plastic-lamp,,,,,,,Color,ultramarine,,,,,durable-plastic-lamp-ultramarine,69,,deny,50,manual,41.91,,TRUE,TRUE,,,,
aerodynamic-paper-shirt,Aerodynamic Paper Shirt,Peace Makes Plenty. Godard tilde cliche scenester schlitz. Fungus manuscript gambrel foetid charnel noisome abnormal gibbous. Armchair Traveller.,"Kovacek, Gottlieb and Haley",Videos,"Baby,Industrial,Music",TRUE,Color,blush,,,,,,693,,deny,1,manual,69.58,,TRUE,TRUE,,https://source.unsplash.com/random/?interior ,Well I Was In The Neighbourhood,FALSE
aerodynamic-paper-shirt,,,,,,,Color,orchid,,,,,aerodynamic-paper-shirt-orchid,392,,deny,7,manual,69.58,,TRUE,TRUE,,,,
aerodynamic-paper-shirt,,,,,,,Color,salmon,,,,,aerodynamic-paper-shirt-salmon,143,,deny,28,manual,69.58,,TRUE,TRUE,,,,
sleek-concrete-hat,Sleek Concrete Hat,Fixed Grin. Unnamable amorphous immemorial gambrel daemoniac unutterable singular. Five dollar toast flexitarian small batch stumptown park leggings chicharrones. Limiting Factor.,D'Amore and Sons,Videos,"Clothing,Grocery,Home",TRUE,Color,red,,,,,,761,,deny,18,manual,59.29,,TRUE,TRUE,,https://source.unsplash.com/random/?product ,Reasonable Excuse,FALSE
sleek-concrete-hat,,,,,,,Color,beige,,,,,sleek-concrete-hat-beige,191,,deny,7,manual,59.29,,TRUE,TRUE,,,,
sleek-concrete-hat,,,,,,,Color,silver,,,,,sleek-concrete-hat-silver,233,,deny,13,manual,59.29,,TRUE,TRUE,,,,
synergistic-bronze-bench,Synergistic Bronze Bench,Pitchfork skateboard disrupt yr mustache knausgaard. Cargo Cult. Teething Problems. Gibbering unmentionable non-euclidean antediluvian squamous furtive foetid.,Huels Inc,Books,"Shoes,Automotive,Grocery",TRUE,Color,pink,,,,,,659,,deny,23,manual,33.45,,TRUE,TRUE,,https://source.unsplash.com/random/?product ,Hidden Income,FALSE
synergistic-bronze-bench,,,,,,,Color,coral,,,,,synergistic-bronze-bench-coral,209,,deny,1,manual,33.45,,TRUE,TRUE,,,,
synergistic-bronze-bench,,,,,,,Color,cerulean,,,,,synergistic-bronze-bench-cerulean,524,,deny,50,manual,33.45,,TRUE,TRUE,,,,